<?xml version="1.0" encoding="UTF-8"?>
<gfc:FC_FeatureCatalogue xmlns:gfc="http://www.isotc211.org/2005/gfc" xmlns:gco="http://www.isotc211.org/2005/gco" xmlns:gmd="http://www.isotc211.org/2005/gmd" xmlns:gmi="http://www.isotc211.org/2005/gmi" xmlns:gml="http://www.opengis.net/gml/3.2" xmlns:gmx="http://www.isotc211.org/2005/gmx" xmlns:xlink="http://www.w3.org/1999/xlink" xmlns:xsi="http://www.w3.org/2001/XMLSchema-instance">
	<gmx:name>
		<gco:CharacterString />
	</gmx:name>
	<gmx:scope>
		<gco:CharacterString />
	</gmx:scope>
	<gmx:versionNumber>
		<gco:CharacterString>2020</gco:CharacterString>
	</gmx:versionNumber>
	<gmx:versionDate>
		<gco:Date>20200523</gco:Date>
	</gmx:versionDate>
	<gmx:language>
		<gco:CharacterString>eng</gco:CharacterString>
	</gmx:language>
	<gmx:characterSet>
		<gmd:MD_CharacterSetCode codeList="http://www.isotc211.org/2005/resources/Codelist/gmxCodelists.xml#MD_CharacterSetCode" codeListValue="UTF-8">UTF-8</gmd:MD_CharacterSetCode>
	</gmx:characterSet>
	<gfc:producer>
		<gmd:CI_ResponsibleParty>
			<gmd:organisationName>
				<gco:CharacterString>U.S. Department of Commerce, U.S. Census Bureau, Geography Division, Spatial Data Collection and Products Branch</gco:CharacterString>
			</gmd:organisationName>
			<gmd:contactInfo>
				<gmd:CI_Contact>
					<gmd:phone>
						<gmd:CI_Telephone>
							<gmd:voice>
								<gco:CharacterString>301-763-1128</gco:CharacterString>
							</gmd:voice>
							<gmd:facsimile>
								<gco:CharacterString>301-763-4710</gco:CharacterString>
							</gmd:facsimile>
						</gmd:CI_Telephone>
					</gmd:phone>
					<gmd:address>
						<gmd:CI_Address>
							<gmd:deliveryPoint>
								<gco:CharacterString>4600 Silver Hill Road, Stop 7400</gco:CharacterString>
							</gmd:deliveryPoint>
							<gmd:city>
								<gco:CharacterString>Washington</gco:CharacterString>
							</gmd:city>
							<gmd:administrativeArea>
								<gco:CharacterString>DC</gco:CharacterString>
							</gmd:administrativeArea>
							<gmd:postalCode>
								<gco:CharacterString>20233-7400</gco:CharacterString>
							</gmd:postalCode>
							<gmd:country>
								<gco:CharacterString>United States</gco:CharacterString>
							</gmd:country>
							<gmd:electronicMailAddress>
								<gco:CharacterString>geo.geography@census.gov</gco:CharacterString>
							</gmd:electronicMailAddress>
						</gmd:CI_Address>
					</gmd:address>
				</gmd:CI_Contact>
			</gmd:contactInfo>
			<gmd:role>
				<gmd:CI_RoleCode codeList="http://www.isotc211.org/2005/resources/Codelist/gmxCodelists.xml#CI_RoleCode" codeListValue="custodian">custodian</gmd:CI_RoleCode>
			</gmd:role>
		</gmd:CI_ResponsibleParty>
	</gfc:producer>
	<gfc:featureType>
		<gfc:FC_FeatureType>
			<gfc:typeName>
				<gco:LocalName>TRACT20.shp</gco:LocalName>
			</gfc:typeName>
			<gfc:definition>
				<gco:CharacterString>2020 Census Census Tract State-based</gco:CharacterString>
			</gfc:definition>
			<gfc:isAbstract>
				<gco:Boolean>false</gco:Boolean>
			</gfc:isAbstract>
			<gfc:featureCatalogue uuidref="tl_2020_53_tract20.ea.iso.xml" />
			<gfc:carrierOfCharacteristics>
				<gfc:FC_FeatureAttribute>
					<gfc:memberName>
						<gco:LocalName>STATEFP20</gco:LocalName>
					</gfc:memberName>
					<gfc:definition>
						<gco:CharacterString>2020 Census state Federal Information Processing Series (FIPS) codes</gco:CharacterString>
					</gfc:definition>
					<gfc:cardinality gco:nilReason="unknown" />
					<gfc:definitionReference xlink:title="U.S Census Bureau" xlink:href="http://www.ngdc.noaa.gov/docucomp/eb139e38-ee29-4d59-b157-5e874d4420c4" />
					<gfc:listedValue>
						<gfc:FC_ListedValue>
							<gfc:label>
								<gco:CharacterString>INCITS.38-2009 (R2004), Codes for the Identification of the States, the District of
								Columbia, Puerto Rico, and the Insular Areas of the United States (Formerly FIPS 5-2)</gco:CharacterString>
							</gfc:label>
							<gfc:definitionReference xlink:title="U.S Census Bureau" xlink:href="http://www.ngdc.noaa.gov/docucomp/eb139e38-ee29-4d59-b157-5e874d4420c4" />
						</gfc:FC_ListedValue>
					</gfc:listedValue>
				</gfc:FC_FeatureAttribute>
			</gfc:carrierOfCharacteristics>
			<gfc:carrierOfCharacteristics>
				<gfc:FC_FeatureAttribute>
					<gfc:memberName>
						<gco:LocalName>COUNTYFP20</gco:LocalName>
					</gfc:memberName>
					<gfc:definition>
						<gco:CharacterString>2020 Census county Federal Information Processing Series (FIPS) code</gco:CharacterString>
					</gfc:definition>
					<gfc:cardinality gco:nilReason="unknown" />
					<gfc:definitionReference xlink:title="U.S Census Bureau" xlink:href="http://www.ngdc.noaa.gov/docucomp/eb139e38-ee29-4d59-b157-5e874d4420c4" />
					<gfc:listedValue>
						<gfc:FC_ListedValue>
							<gfc:label>
								<gco:CharacterString>INCITS.31-2009 (R2007), Codes for the Identification of the Counties and Equivalent
									Areas of the United States, Puerto Rico, and the Insular Areas of the United States
								(Formerly FIPS 6-4)</gco:CharacterString>
							</gfc:label>
							<gfc:definitionReference xlink:title="U.S Census Bureau" xlink:href="http://www.ngdc.noaa.gov/docucomp/eb139e38-ee29-4d59-b157-5e874d4420c4" />
						</gfc:FC_ListedValue>
					</gfc:listedValue>
				</gfc:FC_FeatureAttribute>
			</gfc:carrierOfCharacteristics>
			<gfc:carrierOfCharacteristics>
				<gfc:FC_FeatureAttribute>
					<gfc:memberName>
						<gco:LocalName>TRACTCE20</gco:LocalName>
					</gfc:memberName>
					<gfc:definition>
						<gco:CharacterString>2020 Census census tract code</gco:CharacterString>
					</gfc:definition>
					<gfc:cardinality gco:nilReason="unknown" />
					<gfc:definitionReference xlink:title="U.S Census Bureau" xlink:href="http://www.ngdc.noaa.gov/docucomp/eb139e38-ee29-4d59-b157-5e874d4420c4" />
					<gfc:listedValue>
						<gfc:FC_ListedValue>
							<gfc:label>
								<gco:CharacterString>000000</gco:CharacterString>
							</gfc:label>
							<gfc:definition>
								<gco:CharacterString>Water tract (2000)</gco:CharacterString>
							</gfc:definition>
							<gfc:definitionReference xlink:title="U.S Census Bureau" xlink:href="http://www.ngdc.noaa.gov/docucomp/eb139e38-ee29-4d59-b157-5e874d4420c4" />
						</gfc:FC_ListedValue>
					</gfc:listedValue>
					<gfc:listedValue>
						<gfc:FC_ListedValue>
							<gfc:label>
								<gco:CharacterString>000100 to 989999</gco:CharacterString>
							</gfc:label>
							<gfc:definition>
								<gco:CharacterString>Census tract number</gco:CharacterString>
							</gfc:definition>
							<gfc:definitionReference xlink:title="U.S Census Bureau" xlink:href="http://www.ngdc.noaa.gov/docucomp/eb139e38-ee29-4d59-b157-5e874d4420c4" />
						</gfc:FC_ListedValue>
					</gfc:listedValue>
					<gfc:listedValue>
						<gfc:FC_ListedValue>
							<gfc:label>
								<gco:CharacterString>990000 to 990099</gco:CharacterString>
							</gfc:label>
							<gfc:definition>
								<gco:CharacterString>Water tract (2020 and continuing)</gco:CharacterString>
							</gfc:definition>
							<gfc:definitionReference xlink:title="U.S Census Bureau" xlink:href="http://www.ngdc.noaa.gov/docucomp/eb139e38-ee29-4d59-b157-5e874d4420c4" />
						</gfc:FC_ListedValue>
					</gfc:listedValue>
					<gfc:listedValue>
						<gfc:FC_ListedValue>
							<gfc:label>
								<gco:CharacterString>990100 to 998999</gco:CharacterString>
							</gfc:label>
							<gfc:definition>
								<gco:CharacterString>Census tract number</gco:CharacterString>
							</gfc:definition>
							<gfc:definitionReference xlink:title="U.S Census Bureau" xlink:href="http://www.ngdc.noaa.gov/docucomp/eb139e38-ee29-4d59-b157-5e874d4420c4" />
						</gfc:FC_ListedValue>
					</gfc:listedValue>
				</gfc:FC_FeatureAttribute>
			</gfc:carrierOfCharacteristics>
			<gfc:carrierOfCharacteristics>
				<gfc:FC_FeatureAttribute>
					<gfc:memberName>
						<gco:LocalName>GEOID20</gco:LocalName>
					</gfc:memberName>
					<gfc:definition>
						<gco:CharacterString>Census tract identifier, a concatenation of 2020 Census state Federal Information
						Processing Series (FIPS) code, county FIPS code, and census tract code</gco:CharacterString>
					</gfc:definition>
					<gfc:cardinality gco:nilReason="unknown" />
					<gfc:definitionReference xlink:title="U.S Census Bureau" xlink:href="http://www.ngdc.noaa.gov/docucomp/eb139e38-ee29-4d59-b157-5e874d4420c4" />
					<gfc:listedValue>
						<gfc:FC_ListedValue>
							<gfc:label>
								<gco:CharacterString>INCITS.38-2009 (R2004), Codes for the Identification of the States, the District
									of Columbia, Puerto Rico, and the Insular Areas of the United States
									(Formerly FIPS 5-2), INCITS.31-2009 (R2007), Codes for the Identification of the
									Counties and Equivalent Areas of the United States, Puerto Rico, and the Insular
									Areas of the United States (Formerly FIPS 6-4) and the census tract code that
								appears in TRACTCE20</gco:CharacterString>
							</gfc:label>
							<gfc:definitionReference xlink:title="U.S Census Bureau" xlink:href="http://www.ngdc.noaa.gov/docucomp/eb139e38-ee29-4d59-b157-5e874d4420c4" />
						</gfc:FC_ListedValue>
					</gfc:listedValue>
				</gfc:FC_FeatureAttribute>
			</gfc:carrierOfCharacteristics>
			<gfc:carrierOfCharacteristics>
				<gfc:FC_FeatureAttribute>
					<gfc:memberName>
						<gco:LocalName>NAME20</gco:LocalName>
					</gfc:memberName>
					<gfc:definition>
						<gco:CharacterString>2020 Census census tract name, this is the census tract code converted to an integer or
						integer plus two-digit decimal if the last two characters of the code are not both zeros.</gco:CharacterString>
					</gfc:definition>
					<gfc:cardinality gco:nilReason="unknown" />
					<gfc:definitionReference xlink:title="U.S Census Bureau" xlink:href="http://www.ngdc.noaa.gov/docucomp/eb139e38-ee29-4d59-b157-5e874d4420c4" />
					<gfc:listedValue>
						<gfc:FC_ListedValue>
							<gfc:label gco:nilReason="inapplicable" />
							<gfc:definition>
								<gco:CharacterString>data are unavailable</gco:CharacterString>
							</gfc:definition>
						</gfc:FC_ListedValue>
					</gfc:listedValue>
				</gfc:FC_FeatureAttribute>
			</gfc:carrierOfCharacteristics>
			<gfc:carrierOfCharacteristics>
				<gfc:FC_FeatureAttribute>
					<gfc:memberName>
						<gco:LocalName>NAMELSAD20</gco:LocalName>
					</gfc:memberName>
					<gfc:definition>
						<gco:CharacterString>2020 Census translated legal/statistical area description and the census tract name</gco:CharacterString>
					</gfc:definition>
					<gfc:cardinality gco:nilReason="unknown" />
					<gfc:definitionReference xlink:title="U.S Census Bureau" xlink:href="http://www.ngdc.noaa.gov/docucomp/eb139e38-ee29-4d59-b157-5e874d4420c4" />
					<gfc:listedValue>
						<gfc:FC_ListedValue>
							<gfc:label gco:nilReason="inapplicable" />
							<gfc:definition>
								<gco:CharacterString>Refer to the name in the 'NAME' field and the translated legal/statistical area
								description code for census tracts</gco:CharacterString>
							</gfc:definition>
						</gfc:FC_ListedValue>
					</gfc:listedValue>
				</gfc:FC_FeatureAttribute>
			</gfc:carrierOfCharacteristics>
			<gfc:carrierOfCharacteristics>
				<gfc:FC_FeatureAttribute>
					<gfc:memberName>
						<gco:LocalName>MTFCC20</gco:LocalName>
					</gfc:memberName>
					<gfc:definition>
						<gco:CharacterString>MAF/TIGER feature class code</gco:CharacterString>
					</gfc:definition>
					<gfc:cardinality gco:nilReason="unknown" />
					<gfc:definitionReference xlink:title="U.S Census Bureau" xlink:href="http://www.ngdc.noaa.gov/docucomp/eb139e38-ee29-4d59-b157-5e874d4420c4" />
					<gfc:listedValue>
						<gfc:FC_ListedValue>
							<gfc:label>
								<gco:CharacterString>G5020</gco:CharacterString>
							</gfc:label>
							<gfc:definition>
								<gco:CharacterString>Census Tract</gco:CharacterString>
							</gfc:definition>
							<gfc:definitionReference xlink:title="U.S Census Bureau" xlink:href="http://www.ngdc.noaa.gov/docucomp/eb139e38-ee29-4d59-b157-5e874d4420c4" />
						</gfc:FC_ListedValue>
					</gfc:listedValue>
				</gfc:FC_FeatureAttribute>
			</gfc:carrierOfCharacteristics>
			<gfc:carrierOfCharacteristics>
				<gfc:FC_FeatureAttribute>
					<gfc:memberName>
						<gco:LocalName>FUNCSTAT20</gco:LocalName>
					</gfc:memberName>
					<gfc:definition>
						<gco:CharacterString>2020 Census functional status</gco:CharacterString>
					</gfc:definition>
					<gfc:cardinality gco:nilReason="unknown" />
					<gfc:definitionReference xlink:title="U.S Census Bureau" xlink:href="http://www.ngdc.noaa.gov/docucomp/eb139e38-ee29-4d59-b157-5e874d4420c4" />
					<gfc:listedValue>
						<gfc:FC_ListedValue>
							<gfc:label>
								<gco:CharacterString>S</gco:CharacterString>
							</gfc:label>
							<gfc:definition>
								<gco:CharacterString>Statistical entity</gco:CharacterString>
							</gfc:definition>
							<gfc:definitionReference xlink:title="U.S Census Bureau" xlink:href="http://www.ngdc.noaa.gov/docucomp/eb139e38-ee29-4d59-b157-5e874d4420c4" />
						</gfc:FC_ListedValue>
					</gfc:listedValue>
				</gfc:FC_FeatureAttribute>
			</gfc:carrierOfCharacteristics>
			<gfc:carrierOfCharacteristics>
				<gfc:FC_FeatureAttribute>
					<gfc:memberName>
						<gco:LocalName>ALAND20</gco:LocalName>
					</gfc:memberName>
					<gfc:definition>
						<gco:CharacterString>2020 Census land area (square meters)</gco:CharacterString>
					</gfc:definition>
					<gfc:cardinality>
						<gco:Multiplicity>
							<gco:range>
								<gco:MultiplicityRange>
									<gco:lower>
										<gco:Integer>0</gco:Integer>
									</gco:lower>
									<gco:upper>
										<gco:UnlimitedInteger>9999999</gco:UnlimitedInteger>
									</gco:upper>
								</gco:MultiplicityRange>
							</gco:range>
						</gco:Multiplicity>
					</gfc:cardinality>
					<gfc:definitionReference xlink:title="U.S Census Bureau" xlink:href="http://www.ngdc.noaa.gov/docucomp/eb139e38-ee29-4d59-b157-5e874d4420c4" />
				</gfc:FC_FeatureAttribute>
			</gfc:carrierOfCharacteristics>
			<gfc:carrierOfCharacteristics>
				<gfc:FC_FeatureAttribute>
					<gfc:memberName>
						<gco:LocalName>AWATER20</gco:LocalName>
					</gfc:memberName>
					<gfc:definition>
						<gco:CharacterString>2020 Census water area (square meters)</gco:CharacterString>
					</gfc:definition>
					<gfc:cardinality>
						<gco:Multiplicity>
							<gco:range>
								<gco:MultiplicityRange>
									<gco:lower>
										<gco:Integer>0</gco:Integer>
									</gco:lower>
									<gco:upper>
										<gco:UnlimitedInteger>9999999</gco:UnlimitedInteger>
									</gco:upper>
								</gco:MultiplicityRange>
							</gco:range>
						</gco:Multiplicity>
					</gfc:cardinality>
					<gfc:definitionReference xlink:title="U.S Census Bureau" xlink:href="http://www.ngdc.noaa.gov/docucomp/eb139e38-ee29-4d59-b157-5e874d4420c4" />
				</gfc:FC_FeatureAttribute>
			</gfc:carrierOfCharacteristics>
			<gfc:carrierOfCharacteristics>
				<gfc:FC_FeatureAttribute>
					<gfc:memberName>
						<gco:LocalName>INTPTLAT20</gco:LocalName>
					</gfc:memberName>
					<gfc:definition>
						<gco:CharacterString>2020 Census latitude of the internal point</gco:CharacterString>
					</gfc:definition>
					<gfc:cardinality>
						<gco:Multiplicity>
							<gco:range>
								<gco:MultiplicityRange>
									<gco:lower>
										<gco:Integer>-90.000000</gco:Integer>
									</gco:lower>
									<gco:upper>
										<gco:UnlimitedInteger>90.000000</gco:UnlimitedInteger>
									</gco:upper>
								</gco:MultiplicityRange>
							</gco:range>
						</gco:Multiplicity>
					</gfc:cardinality>
					<gfc:definitionReference xlink:title="U.S Census Bureau" xlink:href="http://www.ngdc.noaa.gov/docucomp/eb139e38-ee29-4d59-b157-5e874d4420c4" />
				</gfc:FC_FeatureAttribute>
			</gfc:carrierOfCharacteristics>
			<gfc:carrierOfCharacteristics>
				<gfc:FC_FeatureAttribute>
					<gfc:memberName>
						<gco:LocalName>INTPTLON20</gco:LocalName>
					</gfc:memberName>
					<gfc:definition>
						<gco:CharacterString>2020 Census longitude of the internal point</gco:CharacterString>
					</gfc:definition>
					<gfc:cardinality>
						<gco:Multiplicity>
							<gco:range>
								<gco:MultiplicityRange>
									<gco:lower>
										<gco:Integer>-180.000000</gco:Integer>
									</gco:lower>
									<gco:upper>
										<gco:UnlimitedInteger>180.000000</gco:UnlimitedInteger>
									</gco:upper>
								</gco:MultiplicityRange>
							</gco:range>
						</gco:Multiplicity>
					</gfc:cardinality>
					<gfc:definitionReference xlink:title="U.S Census Bureau" xlink:href="http://www.ngdc.noaa.gov/docucomp/eb139e38-ee29-4d59-b157-5e874d4420c4" />
				</gfc:FC_FeatureAttribute>
			</gfc:carrierOfCharacteristics>
		</gfc:FC_FeatureType>
	</gfc:featureType>
</gfc:FC_FeatureCatalogue>
